<application>
  <component name="Trusted.Paths">
    <option name="TRUSTED_PROJECT_PATHS">
      <map>
        <entry key="C:\Users\jenda\RiderProjects\Test1" value="true" />
        <entry key="D:\Billz\LABYRINTH ESCAPE" value="true" />
        <entry key="D:\Billz\LABYRINTH ESCAPE\.idea\.idea.LABYRINTH ESCAPE" value="true" />
        <entry key="D:\HADI\5" value="true" />
        <entry key="D:\HADI\7" value="true" />
        <entry key="D:\HADI\8" value="true" />
        <entry key="D:\HADI\Tabulka" value="true" />
        <entry key="D:\HADI\WEB\REST API" value="true" />
        <entry key="D:\HADI\WEB\REST1" value="true" />
        <entry key="D:\HADI\WEBscraper" value="true" />
        <entry key="D:\HADI\pythonProject" value="true" />
        <entry key="D:\HADI\pythonProject1" value="true" />
        <entry key="D:\HADI\pythonProject3" value="true" />
        <entry key="D:\PatrikBillyMVH\LABYRINTH ESCAPE" value="true" />
        <entry key="D:\PatrikBillyMVH\LABYRINTH ESCAPE\.idea\.idea.LABYRINTH ESCAPE" value="true" />
        <entry key="D:\UNITY TESTY\prubezny-test-1" value="true" />
        <entry key="D:\UNITY projekty\SAMPLE" value="true" />
        <entry key="D:\UNITY projekty\SAMPLE\.idea\.idea.SAMPLE" value="true" />
        <entry key="D:\UNITY projekty\Shadowed legacy" value="true" />
        <entry key="D:\UNITY projekty\Shadowed legacy\.idea\.idea.Shadowed legacy" value="true" />
        <entry key="D:\UNITY projekty\Shadowed-Legacy" value="true" />
        <entry key="D:\UNITY projekty\Shadowed-Legacy V1" value="true" />
        <entry key="D:\UNITY projekty\Shadowed-Legacy-Main" value="true" />
        <entry key="D:\UNITY projekty\Shadowed-Legacy-Main\.idea\.idea.Shadowed-Legacy-Main" value="true" />
        <entry key="D:\UNITY projekty\Shadowed-Legacy\.idea\.idea.Shadowed-Legacy" value="true" />
        <entry key="D:\UNITY projekty\TEST 1" value="true" />
        <entry key="D:\UNITY projekty\TEST 1\.idea\.idea.TEST 1" value="true" />
        <entry key="D:\UNITY projekty\VanocniDU" value="true" />
        <entry key="D:\UNITY projekty\VanocniDU\.idea\.idea.VanocniDU" value="true" />
        <entry key="D:\UNITY projekty\dialogy" value="true" />
        <entry key="D:\UNITY projekty\dialogy\.idea\.idea.dialogy" value="true" />
        <entry key="D:\UNITY projekty\druhy_minitest" value="true" />
        <entry key="D:\UNITY projekty\oprava_minitestu" value="true" />
        <entry key="D:\UNITY projekty\prubezny-test-1" value="true" />
        <entry key="D:\UNITY projekty\prubezny-test-1\.idea\.idea.prubezny-test-1" value="true" />
        <entry key="D:\UNITY projekty\prubezny-test-2 opacko" value="true" />
        <entry key="D:\UNITY projekty\sample 2" value="true" />
        <entry key="D:\UNITY projekty\sample 2\.idea\.idea.sample 2" value="true" />
        <entry key="D:\zýžarp RIDERA\CRUD_" value="true" />
        <entry key="D:\zýžarp RIDERA\CRUD_\.idea\.idea.CRUD" value="true" />
        <entry key="D:\zýžarp RIDERA\ConsoleApp1" value="true" />
        <entry key="D:\zýžarp RIDERA\ConsoleApp2" value="true" />
        <entry key="D:\zýžarp RIDERA\ConsoleApplication1" value="true" />
        <entry key="D:\zýžarp RIDERA\ConsoleApplication10" value="true" />
        <entry key="D:\zýžarp RIDERA\ConsoleApplication11" value="true" />
        <entry key="D:\zýžarp RIDERA\ConsoleApplication11\.idea\.idea.ConsoleApplication11" value="true" />
        <entry key="D:\zýžarp RIDERA\ConsoleApplication12" value="true" />
        <entry key="D:\zýžarp RIDERA\ConsoleApplication12\.idea\.idea.ConsoleApplication12" value="true" />
        <entry key="D:\zýžarp RIDERA\ConsoleApplication1\.idea\.idea.ConsoleApplication1" value="true" />
        <entry key="D:\zýžarp RIDERA\ConsoleApplication2" value="true" />
        <entry key="D:\zýžarp RIDERA\ConsoleApplication3" value="true" />
        <entry key="D:\zýžarp RIDERA\ConsoleApplication3\.idea\.idea.ConsoleApplication3" value="true" />
        <entry key="D:\zýžarp RIDERA\ConsoleApplication4" value="true" />
        <entry key="D:\zýžarp RIDERA\ConsoleApplication5" value="true" />
        <entry key="D:\zýžarp RIDERA\ConsoleApplication5\.idea\.idea.ConsoleApplication5" value="true" />
        <entry key="D:\zýžarp RIDERA\ConsoleApplication6" value="true" />
        <entry key="D:\zýžarp RIDERA\ConsoleApplication6\.idea\.idea.ConsoleApplication6" value="true" />
        <entry key="D:\zýžarp RIDERA\ConsoleApplication7" value="true" />
        <entry key="D:\zýžarp RIDERA\ConsoleApplication7\.idea\.idea.ConsoleApplication7" value="true" />
        <entry key="D:\zýžarp RIDERA\ConsoleApplication8" value="true" />
        <entry key="D:\zýžarp RIDERA\ConsoleApplication8\.idea\.idea.ConsoleApplication8" value="true" />
        <entry key="D:\zýžarp RIDERA\ConsoleApplication9" value="true" />
        <entry key="D:\zýžarp RIDERA\ConsoleApplication9\.idea\.idea.ConsoleApplication9" value="true" />
        <entry key="D:\zýžarp RIDERA\DBS-project" value="true" />
        <entry key="D:\zýžarp RIDERA\DBS-project\.idea\.idea.DBS-project.dir" value="true" />
        <entry key="D:\zýžarp RIDERA\DS PROJECT" value="true" />
        <entry key="D:\zýžarp RIDERA\DS PROJECT 2.0" value="true" />
        <entry key="D:\zýžarp RIDERA\DS PROJECT 2.0\.idea\.idea.DS PROJECT 2.0" value="true" />
        <entry key="D:\zýžarp RIDERA\DS PROJECT\.idea\.idea.DS PROJECT" value="true" />
        <entry key="D:\zýžarp RIDERA\DS-PROJECT" value="true" />
        <entry key="D:\zýžarp RIDERA\DS-PROJECT\.idea\.idea.DS-PROJECT.dir" value="true" />
        <entry key="D:\zýžarp RIDERA\Farm Manager" value="true" />
        <entry key="D:\zýžarp RIDERA\Farm Manager 2.0" value="true" />
        <entry key="D:\zýžarp RIDERA\Farm Manager\.idea\.idea.Farm Manager" value="true" />
        <entry key="D:\zýžarp RIDERA\Kočovský Petr_66324_assignsubmission_file_\DP" value="true" />
        <entry key="D:\zýžarp RIDERA\Kočovský Petr_66324_assignsubmission_file_\DP\.idea\.idea.Database project" value="true" />
        <entry key="D:\zýžarp RIDERA\Križko Tomáš_66318_assignsubmission_file_\Solution" value="true" />
        <entry key="D:\zýžarp RIDERA\Križko Tomáš_66318_assignsubmission_file_\Solution\.idea\.idea.Programo" value="true" />
        <entry key="D:\zýžarp RIDERA\MojeBlbnuti" value="true" />
        <entry key="D:\zýžarp RIDERA\MojeBlbnuti\.idea\.idea.MojeBlbnuti" value="true" />
        <entry key="D:\zýžarp RIDERA\OmegaZ" value="true" />
        <entry key="D:\zýžarp RIDERA\PV1" value="true" />
        <entry key="D:\zýžarp RIDERA\Pv1" value="true" />
        <entry key="D:\zýžarp RIDERA\RazorClassLibrary1" value="true" />
        <entry key="D:\zýžarp RIDERA\RegisterAndLoginApp" value="true" />
        <entry key="D:\zýžarp RIDERA\TCP Chat 2.0" value="true" />
        <entry key="D:\zýžarp RIDERA\TCP Chat 2.0\.idea\.idea.TCP Chat 2.0" value="true" />
        <entry key="D:\zýžarp RIDERA\TCPChat" value="true" />
        <entry key="D:\zýžarp RIDERA\TCPChat\.idea\.idea.TCPChat" value="true" />
        <entry key="D:\zýžarp RIDERA\TCPServer" value="true" />
        <entry key="D:\zýžarp RIDERA\VanoceNpcKomunikace" value="true" />
        <entry key="D:\zýžarp RIDERA\VanoceNpcKomunikace\.idea\.idea.VanoceNpcKomunikace" value="true" />
        <entry key="D:\zýžarp RIDERA\WebApplication1" value="true" />
        <entry key="D:\zýžarp RIDERA\WindowsFormsApp1" value="true" />
        <entry key="D:\zýžarp RIDERA\WindowsFormsApp2" value="true" />
        <entry key="D:\zýžarp RIDERA\mojeBlbnuti" value="true" />
        <entry key="D:\zýžarp RIDERA\opacko pred testem" value="true" />
        <entry key="D:\zýžarp RIDERA\vlakna" value="true" />
        <entry key="D:\zýžarp RIDERA\vlakna\.idea\.idea.vlakna" value="true" />
      </map>
    </option>
  </component>
  <component name="Trusted.Paths.Settings">
    <option name="TRUSTED_PATHS">
      <list>
        <option value="D:\HADI" />
      </list>
    </option>
  </component>
</application>