<application>
  <component name="DimensionService">
    <size key="GridCell.Tab.0.left.0.0.1920.1080@120dpi" width="1818" height="247" />
    <size key="GridCell.Tab.0.center.0.0.1920.1080@120dpi" width="1818" height="247" />
    <size key="GridCell.Tab.0.right.0.0.1920.1080@120dpi" width="1818" height="247" />
    <size key="GridCell.Tab.0.bottom.0.0.1920.1080@120dpi" width="1818" height="247" />
    <size key="GridCell.Tab.0.left.0.0.2560.1440" width="2478" height="419" />
    <size key="GridCell.Tab.0.center.0.0.2560.1440" width="2478" height="419" />
    <size key="GridCell.Tab.0.right.0.0.2560.1440" width="2478" height="419" />
    <size key="GridCell.Tab.0.bottom.0.0.2560.1440" width="2478" height="419" />
    <size key="GridCell.Tab.1.left.0.0.2560.1440" width="2478" height="419" />
    <size key="GridCell.Tab.1.center.0.0.2560.1440" width="2478" height="419" />
    <size key="GridCell.Tab.1.right.0.0.2560.1440" width="2478" height="419" />
    <size key="GridCell.Tab.1.bottom.0.0.2560.1440" width="2478" height="419" />
    <size key="GridCell.Tab.1.left.0.0.1920.1080@120dpi" width="1818" height="277" />
    <size key="GridCell.Tab.1.center.0.0.1920.1080@120dpi" width="1818" height="277" />
    <size key="GridCell.Tab.1.right.0.0.1920.1080@120dpi" width="1818" height="277" />
    <size key="GridCell.Tab.1.bottom.0.0.1920.1080@120dpi" width="1818" height="277" />
  </component>
  <component name="WindowManager">
    <frame x="85" y="25" width="1750" height="980" extendedState="6" />
  </component>
  <component name="WindowStateApplicationService">
    <state x="549" y="132" key="FileChooserDialogImpl" timestamp="1732616902698">
      <screen x="0" y="0" width="1536" height="824" />
    </state>
    <state x="549" y="132" key="FileChooserDialogImpl/0.0.1536.824" timestamp="1732616902698" />
  </component>
</application>